Compaign_Date,Channel,Campaign,Spend,Clicks,Impressions
2026-01-01,LinkedIn,CAMP_09,998.67,186,7091
2026-01-02,Email,CAMP_15,3582.54,757,11191
2026-01-03,Google,CAMP_08,252.31,546,26802
2026-01-04,TikTok,CAMP_08,2087.45,1883,31933
2026-01-05,Google,CAMP_08,2642.76,112,4845
2026-01-06,Meta,CAMP_02,1130.53,394,42013
2026-01-07,LinkedIn,CAMP_16,699.5,1476,39899
2026-01-08,Email,CAMP_10,3666.98,1458,25529
2026-01-09,Email,CAMP_17,4538.8,1549,1259
2026-01-10,Email,CAMP_06,3052.73,1197,1173
2026-01-11,Meta,CAMP_18,3617.7,191,6307
2026-01-12,Email,CAMP_17,1786.02,1494,45714
2026-01-13,Organic,CAMP_08,2542.48,1048,2756
2026-01-14,Meta,CAMP_12,1306.98,740,15402
2026-01-15,Organic,CAMP_04,1506.44,1838,38880
2026-01-16,TikTok,CAMP_18,3938.35,1821,21434
2026-01-17,Email,CAMP_08,4689.12,1970,47195
2026-01-18,LinkedIn,CAMP_16,621.01,507,49107
2026-01-19,Google,CAMP_18,1125.81,1842,31385
2026-01-20,Organic,CAMP_15,3540.68,1795,47796
2026-01-21,Google,CAMP_05,1348.24,1867,34414
2026-01-22,Meta,CAMP_06,1823.65,1003,42943
2026-01-23,Organic,CAMP_05,3804.37,1090,19132
2026-01-24,Organic,CAMP_14,1968.62,1961,28070
2026-01-25,LinkedIn,CAMP_11,4042.11,397,11076
2026-01-26,Email,CAMP_15,1436.89,1278,43003
2026-01-27,Email,CAMP_04,790.47,793,2718
2026-01-28,Google,CAMP_10,3629.07,204,19272
2026-01-29,TikTok,CAMP_11,2087.07,1411,22396
2026-01-30,Organic,CAMP_05,4372,102,33565
2026-01-31,Email,CAMP_14,1264.22,587,5176
2026-02-01,Meta,CAMP_06,2199.75,1875,40711
2026-02-02,Meta,CAMP_07,1381.15,748,6567
2026-02-03,Google,CAMP_07,2343.88,910,32007
2026-02-04,TikTok,CAMP_13,4274.64,567,28960
2026-02-05,Organic,CAMP_12,553.61,199,3056
2026-02-06,Google,CAMP_12,3434.55,1883,40808
2026-02-07,TikTok,CAMP_04,4846.06,621,49238
2026-02-08,LinkedIn,CAMP_02,382.37,906,39394
2026-02-09,Email,CAMP_04,3008.01,936,12097
2026-02-10,TikTok,CAMP_19,1316.7,807,35147
2026-02-11,Email,CAMP_10,260.36,1035,44773
2026-02-12,Google,CAMP_05,1770.76,1369,25599
2026-02-13,Meta,CAMP_04,1298.26,413,26407
2026-02-14,LinkedIn,CAMP_16,1713.84,1075,6481
2026-02-15,TikTok,CAMP_17,4186.36,547,25076
2026-02-16,Email,CAMP_06,2122.11,1359,48893
2026-02-17,Email,CAMP_11,2006.57,741,26838
2026-02-18,LinkedIn,CAMP_10,291.78,1903,32532
2026-02-19,LinkedIn,CAMP_03,2993.55,742,33643
2026-02-20,Google,CAMP_07,4670.69,1764,37168
2026-02-21,Google,CAMP_15,1128.38,289,8407
2026-02-22,TikTok,CAMP_16,4540.67,768,10872
2026-02-23,LinkedIn,CAMP_11,2606.63,148,1881
2026-02-24,Organic,CAMP_01,3078.46,158,49046
2026-02-25,LinkedIn,CAMP_13,3469.74,630,9956
2026-02-26,Meta,CAMP_19,1174.18,264,48491
2026-02-27,Organic,CAMP_20,3643.35,783,47915
2026-02-28,Meta,CAMP_07,1413.29,992,6240
2026-03-01,Google,CAMP_18,1583.74,221,37123
2026-03-02,Google,CAMP_18,2154.13,1021,44809
2026-03-03,Organic,CAMP_19,2113.32,470,28829
2026-03-04,Organic,CAMP_18,661.25,618,7606
2026-03-05,Google,CAMP_18,4544.83,1114,15485
2026-03-06,Google,CAMP_11,4632.08,954,25725
2026-03-07,Meta,CAMP_14,2780.43,1512,25956
2026-03-08,Meta,CAMP_10,1260.44,1776,33872
2026-03-09,Meta,CAMP_15,1008.22,1433,9992
2026-03-10,Meta,CAMP_08,874.15,534,38958
2026-03-11,Organic,CAMP_17,3478.84,1135,3014
2026-03-12,LinkedIn,CAMP_10,3475.79,771,34990
2026-03-13,LinkedIn,CAMP_19,1829.32,86,47286
2026-03-14,LinkedIn,CAMP_09,4782.29,576,36282
2026-03-15,Meta,CAMP_02,4830.78,723,19765
2026-03-16,Meta,CAMP_14,2897.45,1976,31591
2026-03-17,Email,CAMP_13,1851.8,1329,33063
2026-03-18,Organic,CAMP_09,2782.22,1041,23443
2026-03-19,Organic,CAMP_12,4996.07,1521,47229
2026-03-20,LinkedIn,CAMP_07,2214.07,1833,22811
2026-03-21,Email,CAMP_17,4317.91,1572,44383
2026-03-22,Organic,CAMP_01,363.98,1870,32173
2026-03-23,Organic,CAMP_04,3328.4,925,22180
2026-03-24,Meta,CAMP_10,1359.13,1178,18099
2026-03-25,Meta,CAMP_06,1908.51,1793,32341
2026-03-26,TikTok,CAMP_07,1332.82,105,33451
2026-03-27,Meta,CAMP_20,301.17,2000,34178
2026-03-28,TikTok,CAMP_10,3097.67,1537,4144
2026-03-29,LinkedIn,CAMP_19,882.17,538,19355
2026-03-30,LinkedIn,CAMP_18,1775.34,645,8709
2026-03-31,Google,CAMP_04,3859.63,986,9013
2026-04-01,Google,CAMP_16,745.41,557,9926
2026-04-02,Email,CAMP_10,3936.24,1162,18845
2026-04-03,Meta,CAMP_02,3525.58,1938,33383
2026-04-04,Meta,CAMP_08,2404.45,389,7438
2026-04-05,Email,CAMP_16,1582.88,1070,28449
2026-04-06,LinkedIn,CAMP_13,2283.58,1846,49680
2026-04-07,Email,CAMP_04,2711.81,262,23663
2026-04-08,Organic,CAMP_20,4677.69,211,36649
2026-04-09,TikTok,CAMP_03,4619.75,1563,23073
2026-04-10,TikTok,CAMP_19,3043.06,713,10693
2026-04-11,LinkedIn,CAMP_17,2191.47,942,23752
2026-04-12,Meta,CAMP_10,3717.92,656,22643
2026-04-13,LinkedIn,CAMP_20,4010.03,851,32600
2026-04-14,Google,CAMP_17,2684.55,908,48787
2026-04-15,Email,CAMP_10,2972.51,1337,43399
2026-04-16,LinkedIn,CAMP_12,4501.45,1309,27591
2026-04-17,Google,CAMP_02,602.37,729,15218
2026-04-18,TikTok,CAMP_17,4882.5,1943,21284
2026-04-19,TikTok,CAMP_03,283.38,370,33658
2026-04-20,Email,CAMP_13,1584.37,301,31243
2026-04-21,Meta,CAMP_01,4167.58,1609,22133
2026-04-22,Meta,CAMP_06,3716.14,542,45595
2026-04-23,Google,CAMP_06,2673.28,783,49115
2026-04-24,Google,CAMP_05,3980.49,992,5197
2026-04-25,TikTok,CAMP_14,4626.72,390,12437
2026-04-26,LinkedIn,CAMP_07,4095.4,1636,40069
2026-04-27,Email,CAMP_18,532.26,646,2518
2026-04-28,Email,CAMP_15,1223.69,342,43633
2026-04-29,Email,CAMP_08,3015.97,510,34821
2026-04-30,Google,CAMP_14,4066.76,1119,45268
2026-05-01,Email,CAMP_18,249.07,96,1584
2026-05-02,LinkedIn,CAMP_02,1165.76,724,32067
2026-05-03,Email,CAMP_15,2372.83,753,41656
2026-05-04,Google,CAMP_20,2869.23,681,40819
2026-05-05,TikTok,CAMP_10,306.22,976,46973
2026-05-06,Organic,CAMP_05,3803.19,574,31636
2026-05-07,Google,CAMP_14,824.98,1253,40245
2026-05-08,Organic,CAMP_07,865.66,1214,9578
2026-05-09,Meta,CAMP_08,4427.78,1379,45963
2026-05-10,Meta,CAMP_02,3832.56,1536,35372
2026-05-11,Google,CAMP_12,4064.04,1229,40792
2026-05-12,LinkedIn,CAMP_04,2017.15,246,7506
2026-05-13,Meta,CAMP_05,4918.93,150,27088
2026-05-14,TikTok,CAMP_12,2800.54,1024,43821
2026-05-15,Email,CAMP_01,4001.57,410,20907
2026-05-16,Meta,CAMP_03,4015.18,1883,13179
2026-05-17,TikTok,CAMP_12,2014.41,1079,12770
2026-05-18,TikTok,CAMP_10,1076.53,767,17377
2026-05-19,Google,CAMP_04,3269.73,1628,3595
2026-05-20,LinkedIn,CAMP_20,1996.97,1827,14191
2026-05-21,LinkedIn,CAMP_01,3036,163,19167
2026-05-22,TikTok,CAMP_10,2106.21,1701,9713
2026-05-23,Organic,CAMP_09,3725.83,163,42723
2026-05-24,Email,CAMP_14,4979.98,527,20839
2026-05-25,Google,CAMP_14,3230.64,161,32516
2026-05-26,Organic,CAMP_01,172.79,519,31411
2026-05-27,Email,CAMP_14,2420.8,561,14390
2026-05-28,TikTok,CAMP_04,1319.82,861,17197
2026-05-29,Organic,CAMP_02,4305.76,712,21255
2026-05-30,TikTok,CAMP_05,3002.65,1127,46878
2026-05-31,Organic,CAMP_12,3705.62,1607,27742
2026-06-01,Meta,CAMP_06,3959.13,157,41311
2026-06-02,LinkedIn,CAMP_07,3647.23,493,23700
2026-06-03,TikTok,CAMP_03,2106.5,836,49964
2026-06-04,Google,CAMP_06,4135.58,1813,3320
2026-06-05,TikTok,CAMP_14,432.33,1456,48047
2026-06-06,LinkedIn,CAMP_09,4279.71,332,28297
2026-06-07,Meta,CAMP_12,4330.85,175,36122
2026-06-08,LinkedIn,CAMP_03,3388.99,134,16669
2026-06-09,Google,CAMP_02,3852.68,915,18072
2026-06-10,LinkedIn,CAMP_10,2339.02,629,19595
2026-06-11,Email,CAMP_09,2759.97,1506,2983
2026-06-12,TikTok,CAMP_03,3021.62,498,39639
2026-06-13,Organic,CAMP_09,1737.48,1252,10540
2026-06-14,Email,CAMP_19,918.43,1703,32645
2026-06-15,LinkedIn,CAMP_13,479.87,697,45918
2026-06-16,Google,CAMP_02,4853.46,237,8563
2026-06-17,Organic,CAMP_05,1949.27,1935,9433
2026-06-18,Organic,CAMP_10,2338.16,503,40473
2026-06-19,TikTok,CAMP_14,2421.66,361,21747
2026-06-20,Google,CAMP_18,1255.78,1683,4011
2026-06-21,LinkedIn,CAMP_09,1728.09,334,4501
2026-06-22,Meta,CAMP_09,4612.88,1514,4943
2026-06-23,TikTok,CAMP_19,741.15,521,28808
2026-06-24,Google,CAMP_08,3237.22,819,46041
2026-06-25,Google,CAMP_07,3713.55,1530,49512
2026-06-26,TikTok,CAMP_12,3010.97,1537,37858
2026-06-27,Organic,CAMP_02,3882.22,1229,30244
2026-06-28,LinkedIn,CAMP_16,868.18,378,4211
2026-06-29,Google,CAMP_01,198.14,275,7389
2026-01-01,LinkedIn,CAMP_08,2259.31,589,48482
2026-01-02,Organic,CAMP_19,140.02,1046,36391
2026-01-03,Google,CAMP_09,4276.56,579,19873
2026-01-04,Organic,CAMP_14,4743.11,879,12612
2026-01-05,TikTok,CAMP_05,1682.86,1385,46389
2026-01-06,Organic,CAMP_15,1698.46,1319,36346
2026-01-07,Email,CAMP_06,3003.36,800,36316
2026-01-08,LinkedIn,CAMP_02,3516.87,901,21251
2026-01-09,TikTok,CAMP_17,2212.15,1340,4151
2026-01-10,Organic,CAMP_12,488.16,1350,40082
2026-01-11,TikTok,CAMP_03,427.45,1390,9177
2026-01-12,LinkedIn,CAMP_15,4791.02,1414,8574
2026-01-13,Organic,CAMP_07,416.42,340,35287
2026-01-14,Google,CAMP_04,3971.29,361,16805
2026-01-15,TikTok,CAMP_19,4187.99,1353,33209
2026-01-16,Email,CAMP_01,2224.74,379,19980
2026-01-17,Organic,CAMP_18,3071.63,683,35239
2026-01-18,Google,CAMP_11,2653.29,1385,3182
2026-01-19,Email,CAMP_15,879.32,1959,39019
2026-01-20,TikTok,CAMP_11,4723.63,758,23724
2026-01-21,Google,CAMP_09,1476.94,667,41680
2026-01-22,LinkedIn,CAMP_17,2561.81,265,15445
2026-01-23,Google,CAMP_14,4081.7,552,10191
2026-01-24,LinkedIn,CAMP_10,4136.86,1738,26629
2026-01-25,Google,CAMP_02,1908.18,1644,38189
2026-01-26,Google,CAMP_20,1016.63,151,26269
2026-01-27,Google,CAMP_16,3774.1,1767,9669
2026-01-28,TikTok,CAMP_17,289.19,163,39633
2026-01-29,TikTok,CAMP_05,3735.08,1837,14696
2026-01-30,Meta,CAMP_01,3677.14,1057,31598
2026-01-31,LinkedIn,CAMP_20,4283.27,969,5880
2026-02-01,Email,CAMP_19,3756.19,1568,5611
2026-02-02,LinkedIn,CAMP_09,1511.6,932,8524
2026-02-03,Email,CAMP_08,1993.08,701,42711
2026-02-04,Email,CAMP_10,347.03,400,26399
2026-02-05,LinkedIn,CAMP_07,568.72,1766,5284
2026-02-06,TikTok,CAMP_06,4123.31,698,38339
2026-02-07,TikTok,CAMP_12,3175.69,891,6811
2026-02-08,TikTok,CAMP_05,2584.48,1963,6511
2026-02-09,TikTok,CAMP_12,630.9,1632,45085
2026-02-10,TikTok,CAMP_08,2934.49,67,40833
2026-02-11,LinkedIn,CAMP_13,2632.76,643,29855
2026-02-12,Meta,CAMP_15,4190.26,1741,41565
2026-02-13,Email,CAMP_11,2287.45,1265,1376
2026-02-14,Google,CAMP_14,4114.9,1768,34552
2026-02-15,Email,CAMP_18,1644.19,1518,20516
2026-02-16,Meta,CAMP_20,3080.81,167,49361
2026-02-17,Email,CAMP_14,4629.11,1113,29301
2026-02-18,Organic,CAMP_01,3415.87,938,12079
2026-02-19,Organic,CAMP_11,1719.01,394,19479
2026-02-20,Meta,CAMP_14,752.72,692,17483
2026-02-21,Organic,CAMP_13,1686.93,538,7534
2026-02-22,TikTok,CAMP_02,1312.5,1087,39607
2026-02-23,Google,CAMP_09,4177.15,1635,10593
2026-02-24,Email,CAMP_10,1628.76,976,12013
2026-02-25,LinkedIn,CAMP_05,3524.15,1425,13120
2026-02-26,Meta,CAMP_04,4003.42,1128,47798
2026-02-27,Meta,CAMP_17,275.9,765,36463
2026-02-28,Email,CAMP_11,3862.51,121,9152
2026-03-01,Meta,CAMP_19,1981.45,1889,6749
2026-03-02,Google,CAMP_14,4789.24,484,41587
2026-03-03,Email,CAMP_02,2394.2,393,36113
2026-03-04,Meta,CAMP_10,3636.88,789,27373
2026-03-05,Email,CAMP_06,4950.82,418,14992
2026-03-06,Meta,CAMP_08,4234.52,531,3698
2026-03-07,Email,CAMP_04,1317.74,188,29741
2026-03-08,Email,CAMP_18,3303.31,600,6917
2026-03-09,Organic,CAMP_15,3336.01,1443,5724
2026-03-10,TikTok,CAMP_13,2687.03,612,10048
2026-03-11,LinkedIn,CAMP_13,646.79,353,26604
2026-03-12,TikTok,CAMP_18,3487.93,487,42294
2026-03-13,Meta,CAMP_07,2453.21,120,43418
2026-03-14,TikTok,CAMP_18,1157.55,1905,1910
2026-03-15,Meta,CAMP_20,2291.51,279,46991
2026-03-16,Google,CAMP_11,4496.76,239,40052
2026-03-17,Meta,CAMP_15,3889.82,1161,7934
2026-03-18,LinkedIn,CAMP_17,4617.02,502,12207
2026-03-19,Meta,CAMP_06,481.33,1363,35925
2026-03-20,Email,CAMP_11,3728.37,1876,31066
2026-03-21,TikTok,CAMP_07,1620.48,885,49049
2026-03-22,Organic,CAMP_02,2201.11,1024,36705
2026-03-23,Google,CAMP_05,3131.21,573,14857
2026-03-24,Organic,CAMP_07,798.18,1494,22291
2026-03-25,TikTok,CAMP_03,3816.93,923,3219
2026-03-26,TikTok,CAMP_08,3115.65,486,47400
2026-03-27,Google,CAMP_09,727.2,1136,11053
2026-03-28,Google,CAMP_13,2498.56,208,12672
2026-03-29,Google,CAMP_09,476.99,122,41430
2026-03-30,TikTok,CAMP_02,3363.05,1398,2202
2026-03-31,LinkedIn,CAMP_01,1548.6,1106,25250
2026-04-01,LinkedIn,CAMP_12,2359.07,1820,22515
2026-04-02,TikTok,CAMP_09,4916.34,626,17523
2026-04-03,Google,CAMP_18,4059.77,1711,36259
2026-04-04,Email,CAMP_19,3222.18,1252,1258
2026-04-05,Google,CAMP_06,3412.46,599,10144
2026-04-06,Meta,CAMP_06,1577.39,1769,36745
2026-04-07,Google,CAMP_18,2086.59,588,40346
2026-04-08,Email,CAMP_06,1746.67,647,15720
2026-04-09,Email,CAMP_06,2202.19,1455,28692
2026-04-10,LinkedIn,CAMP_10,1156.01,756,22279
2026-04-11,Google,CAMP_18,2702,688,44442
2026-04-12,TikTok,CAMP_14,4666.14,1187,46240
2026-04-13,LinkedIn,CAMP_18,4718.48,1691,9237
2026-04-14,Organic,CAMP_06,1007.94,1085,41042
2026-04-15,Organic,CAMP_06,3068.58,772,18612
2026-04-16,Organic,CAMP_12,1495.5,1512,34919
2026-04-17,TikTok,CAMP_16,1542.55,768,42307
2026-04-18,Google,CAMP_17,4767.13,981,38230
2026-04-19,Google,CAMP_03,4218.42,1882,12920
2026-04-20,Organic,CAMP_14,2189.4,983,39147
2026-04-21,TikTok,CAMP_05,2848.23,1945,28400
2026-04-22,Meta,CAMP_07,891.07,104,48392
2026-04-23,TikTok,CAMP_20,1477.91,1969,27587
2026-04-24,Email,CAMP_06,2249.06,1178,2242
2026-04-25,Email,CAMP_18,1171.12,126,33968
2026-04-26,Email,CAMP_04,4156.18,794,11840
2026-04-27,Google,CAMP_09,4484.96,78,24305
2026-04-28,Organic,CAMP_05,1685.37,112,28264
2026-04-29,LinkedIn,CAMP_04,254.69,1198,6530
2026-04-30,Meta,CAMP_14,4386.95,805,11663
2026-05-01,Organic,CAMP_11,3050.05,724,11750
2026-05-02,Organic,CAMP_14,1539.76,900,47888
2026-05-03,Meta,CAMP_11,2923.02,878,41752
2026-05-04,Google,CAMP_14,861.16,1278,29185
2026-05-05,Organic,CAMP_08,3220.7,700,33297
2026-05-06,LinkedIn,CAMP_06,4986.33,659,24125
2026-05-07,Email,CAMP_02,4659.99,1472,19802
2026-05-08,Organic,CAMP_15,2202.43,1749,22222
2026-05-09,Google,CAMP_16,3186.6,1650,4913
2026-05-10,Google,CAMP_01,1595.11,825,10673
2026-05-11,Organic,CAMP_11,4812.48,1660,48978
2026-05-12,Google,CAMP_03,4471.89,708,43277
2026-05-13,Organic,CAMP_02,1636.75,442,33937
2026-05-14,Organic,CAMP_08,2357.43,1018,1659
2026-05-15,Google,CAMP_18,560.8,1268,40260
2026-05-16,Google,CAMP_13,1461.67,123,42424
2026-05-17,Email,CAMP_11,907.38,892,24142
2026-05-18,Organic,CAMP_01,4538.75,1596,35463
2026-05-19,LinkedIn,CAMP_10,1088.72,1124,3246
2026-05-20,Email,CAMP_16,765.43,1160,18715
2026-05-21,Email,CAMP_19,1638.13,1657,21280
2026-05-22,Organic,CAMP_05,2561.77,1634,28255
2026-05-23,Email,CAMP_05,337.46,97,34433
2026-05-24,Meta,CAMP_10,3687.71,1295,18858
2026-05-25,Google,CAMP_15,122.54,1672,6721
2026-05-26,Google,CAMP_10,1538.38,1156,46719
2026-05-27,Organic,CAMP_19,4808.57,586,11137
2026-05-28,Google,CAMP_03,2002.15,940,27486
2026-05-29,Meta,CAMP_15,4870.02,380,31041
2026-05-30,Google,CAMP_05,1031.34,860,9339
2026-05-31,LinkedIn,CAMP_13,2517.08,1816,44270
2026-06-01,TikTok,CAMP_03,4029.46,837,3131
2026-06-02,LinkedIn,CAMP_19,639.7,810,38855
2026-06-03,TikTok,CAMP_14,3282.71,1626,45533
2026-06-04,Meta,CAMP_19,987.97,1290,24665
2026-06-05,Google,CAMP_17,848.51,339,31464
2026-06-06,LinkedIn,CAMP_12,4998.13,813,41467
2026-06-07,Email,CAMP_07,2302.68,1106,46792
2026-06-08,Meta,CAMP_05,1072.28,115,21230
2026-06-09,Email,CAMP_10,4270.73,1954,17232
2026-06-10,LinkedIn,CAMP_02,612.44,1811,36449
2026-06-11,Meta,CAMP_15,4392.91,1236,39892
2026-06-12,Organic,CAMP_04,2620.51,1654,2401
2026-06-13,TikTok,CAMP_03,226.65,923,37869
2026-06-14,TikTok,CAMP_03,866.85,1527,8792
2026-06-15,Email,CAMP_16,514.69,795,48099
2026-06-16,Meta,CAMP_02,3753.85,1138,16786
2026-06-17,Email,CAMP_06,3319.1,1765,6238
2026-06-18,Email,CAMP_09,1640.1,1074,3034
2026-06-19,Email,CAMP_19,4018.01,311,15498
2026-06-20,Organic,CAMP_04,963.5,1478,27292
2026-06-21,LinkedIn,CAMP_11,3383.72,1041,1793
2026-06-22,Email,CAMP_16,1346.47,1039,15871
2026-06-23,Organic,CAMP_08,3375.76,1771,16219
2026-06-24,TikTok,CAMP_08,1065.5,1265,48191
2026-06-25,Email,CAMP_01,3242.73,440,28157
2026-06-26,Google,CAMP_15,4364.77,1142,6456
2026-06-27,TikTok,CAMP_14,2633.46,153,41514
2026-06-28,Organic,CAMP_05,1136.48,886,25519
2026-06-29,Email,CAMP_10,1953.7,154,15951
2026-01-01,Organic,CAMP_04,1174.75,1216,11811
2026-01-02,Organic,CAMP_10,110.81,1828,19005
2026-01-03,Email,CAMP_18,4728.89,1777,22917
2026-01-04,LinkedIn,CAMP_11,789.51,302,46213
2026-01-05,Organic,CAMP_14,4937.36,1550,24374
2026-01-06,TikTok,CAMP_08,4259.95,179,48810
2026-01-07,TikTok,CAMP_10,1163.07,791,45849
2026-01-08,TikTok,CAMP_04,4723.5,815,48659
2026-01-09,Google,CAMP_03,870.64,156,31975
2026-01-10,LinkedIn,CAMP_17,4796.76,1168,8478
2026-01-11,Email,CAMP_09,3557.78,1494,16936
2026-01-12,TikTok,CAMP_02,1359.35,1133,32702
2026-01-13,Organic,CAMP_03,4278.91,722,41347
2026-01-14,Organic,CAMP_15,2697.4,1199,45960
2026-01-15,LinkedIn,CAMP_11,1622.15,789,10013
2026-01-16,Organic,CAMP_01,1866.72,1465,36555
2026-01-17,Organic,CAMP_11,4706.96,1887,46949
2026-01-18,LinkedIn,CAMP_10,708.82,129,14831
2026-01-19,Meta,CAMP_04,3807.5,188,39127
2026-01-20,Google,CAMP_12,2865.69,1492,1804
2026-01-21,Email,CAMP_11,3981.18,1076,21351
2026-01-22,Meta,CAMP_16,2844.52,943,43128
2026-01-23,Organic,CAMP_02,4048.05,1112,10859
2026-01-24,Google,CAMP_17,3914.76,200,24718
2026-01-25,TikTok,CAMP_02,3696.9,1713,9839
2026-01-26,Email,CAMP_16,4562.36,1414,25576
2026-01-27,TikTok,CAMP_02,667.36,979,37483
2026-01-28,Email,CAMP_18,1172.57,1739,7908
2026-01-29,Organic,CAMP_18,4132.24,588,4299
2026-01-30,Google,CAMP_02,3828.67,1847,21854
2026-01-31,Google,CAMP_18,4440.78,693,44096
2026-02-01,Google,CAMP_06,4761.23,1306,45155
2026-02-02,LinkedIn,CAMP_15,4183.54,454,18110
2026-02-03,Meta,CAMP_10,4184.07,957,40799
2026-02-04,Organic,CAMP_07,846.9,1109,24537
2026-02-05,Organic,CAMP_16,986.09,227,15749
2026-02-06,TikTok,CAMP_09,4946.75,1033,42406
2026-02-07,Email,CAMP_14,1132.67,705,26427
2026-02-08,TikTok,CAMP_14,4507.57,724,41762
2026-02-09,TikTok,CAMP_14,4344.38,1674,5229
2026-02-10,TikTok,CAMP_11,1284.56,1476,46367
2026-02-11,Google,CAMP_08,3710.47,923,24184
2026-02-12,Email,CAMP_02,1569.47,1046,6127
2026-02-13,Email,CAMP_17,254.75,995,21372
2026-02-14,Organic,CAMP_18,2986.88,469,17804
2026-02-15,Email,CAMP_05,2456.88,186,42302
2026-02-16,TikTok,CAMP_15,3159.35,767,38830
2026-02-17,Meta,CAMP_07,4330.14,1568,9677
2026-02-18,Email,CAMP_18,1139.93,975,40780
2026-02-19,TikTok,CAMP_17,273.51,804,36935
2026-02-20,Meta,CAMP_05,4955.39,846,15360
2026-02-21,Email,CAMP_12,2667.43,1058,34703
2026-02-22,Email,CAMP_15,297.54,1494,1048
2026-02-23,Google,CAMP_13,1010.46,1745,3276
2026-02-24,TikTok,CAMP_15,3391.01,1413,15725
2026-02-25,LinkedIn,CAMP_02,1481.68,399,16440
2026-02-26,Email,CAMP_16,1198.26,1198,30794
2026-02-27,Meta,CAMP_02,1867.88,1412,26270
2026-02-28,Meta,CAMP_16,430.63,638,41512
2026-03-01,Google,CAMP_11,3658.79,634,17047
2026-03-02,Google,CAMP_06,2705.12,487,31123
2026-03-03,TikTok,CAMP_05,2613.11,718,19296
2026-03-04,Email,CAMP_07,4586.62,1135,48773
2026-03-05,LinkedIn,CAMP_17,135.94,1844,3671
2026-03-06,TikTok,CAMP_06,2549.96,433,30563
2026-03-07,Organic,CAMP_04,2223.86,273,19752
2026-03-08,Organic,CAMP_12,1018.66,328,47095
2026-03-09,Email,CAMP_15,4457.52,642,47506
2026-03-10,Organic,CAMP_08,3225.3,504,17632
2026-03-11,Organic,CAMP_01,3458.71,1646,45749
2026-03-12,Google,CAMP_01,2263.58,1552,22859
2026-03-13,Organic,CAMP_12,1756.44,964,48771
2026-03-14,LinkedIn,CAMP_02,3485.67,496,44380
2026-03-15,Meta,CAMP_10,1853.48,606,5372
2026-03-16,LinkedIn,CAMP_16,2945.01,952,39712
2026-03-17,Organic,CAMP_03,3024.44,880,49181
2026-03-18,LinkedIn,CAMP_08,2381.63,1299,12588
2026-03-19,Email,CAMP_05,2930.05,897,27367
2026-03-20,Email,CAMP_15,838.13,1286,13088
2026-03-21,Email,CAMP_20,1557.6,446,8185
2026-03-22,Organic,CAMP_02,1722.54,224,8196
2026-03-23,Email,CAMP_11,1370.08,478,36813
2026-03-24,Organic,CAMP_11,2913.11,1486,30733
2026-03-25,LinkedIn,CAMP_03,328.4,1459,38752
2026-03-26,Meta,CAMP_06,3529.05,1402,12177
2026-03-27,Google,CAMP_10,1164.63,567,12858
2026-03-28,LinkedIn,CAMP_15,4849.02,871,37605
2026-03-29,Email,CAMP_08,3352.52,1344,38552
2026-03-30,LinkedIn,CAMP_01,4430.02,1143,25787
2026-03-31,Meta,CAMP_19,1080.99,1082,47120
2026-04-01,TikTok,CAMP_16,4475.04,870,49239
2026-04-02,Google,CAMP_18,3213.75,1672,13448
2026-04-03,LinkedIn,CAMP_07,899.08,939,10063
2026-04-04,Email,CAMP_13,1696.64,327,1959
2026-04-05,Email,CAMP_14,3776.52,1751,7520
2026-04-06,LinkedIn,CAMP_01,2790.95,228,34718
2026-04-07,Google,CAMP_08,1988.78,1460,11491
2026-04-08,Email,CAMP_04,4964.69,1995,33300
2026-04-09,Google,CAMP_05,325.63,307,17628
2026-04-10,TikTok,CAMP_11,679.02,81,2901
2026-04-11,Organic,CAMP_02,3889.52,73,38477
2026-04-12,Google,CAMP_08,612.85,1994,13943
2026-04-13,Google,CAMP_16,2782.91,787,27065
2026-04-14,Meta,CAMP_10,1654.78,634,14499
2026-04-15,Organic,CAMP_15,415.35,1631,9249
2026-04-16,Meta,CAMP_05,3300.16,1228,1403
2026-04-17,LinkedIn,CAMP_17,4188.98,1498,25496
2026-04-18,Google,CAMP_15,2223.23,54,23004
2026-04-19,Google,CAMP_09,207.41,654,13427
2026-04-20,Email,CAMP_11,2467.87,1431,2788
2026-04-21,Meta,CAMP_13,2679.74,1821,18964
2026-04-22,Email,CAMP_08,2777.69,903,18299
2026-04-23,Meta,CAMP_11,296.94,342,49941
2026-04-24,Google,CAMP_13,3407.79,869,4700
2026-04-25,TikTok,CAMP_07,2837.66,332,44724
2026-04-26,Organic,CAMP_08,2337.11,588,24335
2026-04-27,Meta,CAMP_11,2476.04,1313,48909
2026-04-28,Organic,CAMP_06,3596.23,1669,24608
2026-04-29,Email,CAMP_04,4182.28,647,45808
2026-04-30,Organic,CAMP_14,3985.73,774,27456
2026-05-01,Meta,CAMP_17,3867.57,1886,8459
2026-05-02,TikTok,CAMP_15,1803.24,1765,14822
2026-05-03,LinkedIn,CAMP_15,3363.59,1934,47978
2026-05-04,LinkedIn,CAMP_09,2510.52,1609,8946
2026-05-05,Email,CAMP_06,1176.01,1966,33163
2026-05-06,TikTok,CAMP_11,3717.12,1557,10392
2026-05-07,TikTok,CAMP_11,4235.01,249,45214
2026-05-08,Meta,CAMP_04,2335.83,1100,2755
2026-05-09,Organic,CAMP_14,363.04,733,13084
2026-05-10,Meta,CAMP_08,411.16,1221,27942
2026-05-11,LinkedIn,CAMP_15,3384.5,1936,16381
2026-05-12,TikTok,CAMP_20,3900.55,803,44998
2026-05-13,TikTok,CAMP_12,2421.85,1052,5004
2026-05-14,Email,CAMP_07,105.32,1057,48529
2026-05-15,Organic,CAMP_09,4181.53,965,45794
2026-05-16,TikTok,CAMP_19,4832.13,458,15211
2026-05-17,Organic,CAMP_10,2347.32,384,31008
2026-05-18,Organic,CAMP_13,2978.01,484,39957
2026-05-19,Google,CAMP_12,4931.05,1300,11557
2026-05-20,Google,CAMP_19,256.58,134,14245
2026-05-21,Email,CAMP_04,4790.76,1834,4570
2026-05-22,Google,CAMP_19,4711,545,20939
2026-05-23,Google,CAMP_08,3170.46,786,44675
2026-05-24,Organic,CAMP_19,3165.4,1831,33920
2026-05-25,Meta,CAMP_13,1471.12,1128,6623
2026-05-26,LinkedIn,CAMP_11,4066.19,732,34441
2026-05-27,Google,CAMP_01,977.59,1295,3987
2026-05-28,Meta,CAMP_04,2104.37,570,18728
2026-05-29,TikTok,CAMP_04,1156.44,1331,35658
2026-05-30,LinkedIn,CAMP_19,1272.38,1863,10500
2026-05-31,LinkedIn,CAMP_07,1899.44,1185,39088
2026-06-01,LinkedIn,CAMP_07,2656.24,1588,4963
2026-06-02,TikTok,CAMP_13,4580.3,1282,28708
2026-06-03,Google,CAMP_03,1112.5,641,25853
2026-06-04,TikTok,CAMP_08,4442.01,1789,6798
2026-06-05,Meta,CAMP_19,2043.61,1213,27787
2026-06-06,TikTok,CAMP_17,819.88,936,28096
2026-06-07,LinkedIn,CAMP_10,695.58,1003,23040
2026-06-08,Google,CAMP_06,2929.36,436,19779
2026-06-09,Email,CAMP_14,3029.07,629,34474
2026-06-10,Email,CAMP_12,3552.21,166,32730
2026-06-11,TikTok,CAMP_17,1258.23,1460,14033
2026-06-12,LinkedIn,CAMP_11,2618.07,71,3715
2026-06-13,LinkedIn,CAMP_11,2938.61,366,32817
2026-06-14,TikTok,CAMP_16,3069.49,124,35631
2026-06-15,LinkedIn,CAMP_06,4460.57,542,42456
2026-06-16,Meta,CAMP_13,3288.15,1225,25844
2026-06-17,Google,CAMP_02,2003.94,1258,10751
2026-06-18,Email,CAMP_09,1366.06,777,34324
2026-06-19,Meta,CAMP_20,2627.61,290,6847
2026-06-20,LinkedIn,CAMP_14,3219.87,1263,39494
2026-06-21,Meta,CAMP_13,2530.37,1892,41683
2026-06-22,TikTok,CAMP_03,1135.82,507,5594
2026-06-23,LinkedIn,CAMP_11,1200.96,822,24664
2026-06-24,LinkedIn,CAMP_17,4273.41,566,2608
2026-06-25,LinkedIn,CAMP_04,4510.73,1590,23155
2026-06-26,Email,CAMP_01,4596.44,834,22889
2026-06-27,TikTok,CAMP_05,2556.51,1887,39776
2026-06-28,LinkedIn,CAMP_17,501.01,982,1302
2026-06-29,Meta,CAMP_17,4553.82,386,32154
2026-01-01,TikTok,CAMP_19,773.42,800,30889
2026-01-02,Organic,CAMP_05,2317.53,820,24346
2026-01-03,Meta,CAMP_18,2788.3,1825,4434
2026-01-04,LinkedIn,CAMP_05,3643.33,1532,15031
2026-01-05,LinkedIn,CAMP_06,3790.59,1737,24677
2026-01-06,Google,CAMP_10,697.64,259,41375
2026-01-07,Google,CAMP_12,4193.87,286,44835
2026-01-08,Meta,CAMP_09,2846.09,606,43469
2026-01-09,Meta,CAMP_04,4965.9,1163,32081
2026-01-10,TikTok,CAMP_04,167.33,1346,14399
2026-01-11,Email,CAMP_03,4405.48,272,37710
2026-01-12,Google,CAMP_02,1633.85,91,44342
2026-01-13,Google,CAMP_07,383.18,1589,40294
2026-01-14,TikTok,CAMP_11,1179.41,405,10942
2026-01-15,Meta,CAMP_01,3466.71,95,3505
2026-01-16,Email,CAMP_04,910.92,1585,28399
2026-01-17,Email,CAMP_19,2602.54,1935,11842
2026-01-18,Meta,CAMP_12,4726.44,1376,47716
2026-01-19,Google,CAMP_10,2312.72,1798,45570
2026-01-20,LinkedIn,CAMP_14,2342.77,1453,11627
2026-01-21,Meta,CAMP_05,4966.95,1098,40985
2026-01-22,TikTok,CAMP_18,3740.26,1773,3659
2026-01-23,Meta,CAMP_07,1655.84,671,48001
2026-01-24,Google,CAMP_19,1281.95,1247,28846
2026-01-25,Email,CAMP_02,4423.28,133,40722
2026-01-26,Google,CAMP_16,130.46,756,35964
2026-01-27,LinkedIn,CAMP_08,831.65,641,4129
2026-01-28,TikTok,CAMP_19,1424.4,1257,14100
2026-01-29,Google,CAMP_09,4090.74,1242,20487
2026-01-30,Email,CAMP_12,3647.39,1920,23736
2026-01-31,Organic,CAMP_12,3027.88,1832,11617
2026-02-01,Google,CAMP_06,4946.84,1901,25403
2026-02-02,LinkedIn,CAMP_17,1712.21,1584,24458
2026-02-03,Organic,CAMP_19,1773.95,435,18358
2026-02-04,LinkedIn,CAMP_10,2480.44,535,2330
2026-02-05,Email,CAMP_14,4351.57,1004,45378
2026-02-06,TikTok,CAMP_10,3091.07,1044,17880
2026-02-07,Meta,CAMP_20,3793.65,687,37738
2026-02-08,TikTok,CAMP_19,3641.54,1668,14933
2026-02-09,LinkedIn,CAMP_05,4588.18,352,30467
2026-02-10,Meta,CAMP_16,523.2,469,2238
2026-02-11,Email,CAMP_16,1689.43,1418,22914
2026-02-12,TikTok,CAMP_01,4957.7,1895,40747
2026-02-13,TikTok,CAMP_12,3282.9,1003,1542
2026-02-14,Google,CAMP_14,3611.55,521,48950
2026-02-15,Meta,CAMP_07,395.65,733,21736
2026-02-16,Google,CAMP_12,371.31,923,12340
2026-02-17,Email,CAMP_08,3784.57,833,23248
2026-02-18,Email,CAMP_13,2495.8,880,41686
2026-02-19,Google,CAMP_03,3420.76,599,17119
2026-02-20,Google,CAMP_09,3568.96,175,18181
2026-02-21,LinkedIn,CAMP_14,2532.57,759,40431
2026-02-22,Email,CAMP_19,176.88,1524,10856
2026-02-23,LinkedIn,CAMP_16,2355.62,562,4850
2026-02-24,LinkedIn,CAMP_14,3918.39,628,18931
2026-02-25,Google,CAMP_08,484.78,1125,44836
2026-02-26,Meta,CAMP_20,2158.66,295,7369
2026-02-27,Organic,CAMP_04,2747.25,1220,20534
2026-02-28,Email,CAMP_03,4674.18,1679,18910
2026-03-01,Organic,CAMP_11,4681.69,1586,36803
2026-03-02,Email,CAMP_15,3734,1622,36670
2026-03-03,Google,CAMP_13,4475.43,568,47273
2026-03-04,Organic,CAMP_20,2595.02,1352,13916
2026-03-05,Meta,CAMP_12,2228.85,1471,17883
2026-03-06,Meta,CAMP_05,3477.08,887,8459
2026-03-07,TikTok,CAMP_13,4085.23,1386,23588
2026-03-08,LinkedIn,CAMP_06,4050.9,653,33963
2026-03-09,Meta,CAMP_04,1474.25,1002,6400
2026-03-10,Organic,CAMP_08,267.59,1699,14902
2026-03-11,LinkedIn,CAMP_03,2728.75,537,41128
2026-03-12,LinkedIn,CAMP_11,2830.33,493,29210
2026-03-13,Email,CAMP_07,2475.46,1135,15743
2026-03-14,Meta,CAMP_05,1704.59,1842,7098
2026-03-15,Organic,CAMP_08,4431.32,231,13947
2026-03-16,Meta,CAMP_04,2854.26,1215,1058
2026-03-17,Google,CAMP_18,3852.76,554,20941
2026-03-18,Email,CAMP_09,4770.66,197,37918
2026-03-19,Email,CAMP_18,3802.59,1700,14675
2026-03-20,Organic,CAMP_17,2251.44,359,17460
2026-03-21,Meta,CAMP_06,2446.44,1070,37877
2026-03-22,Meta,CAMP_15,4776.56,1389,17399
2026-03-23,TikTok,CAMP_09,1888.16,161,34699
2026-03-24,LinkedIn,CAMP_06,343.05,1732,31469
2026-03-25,Meta,CAMP_02,2851.06,1593,41821
2026-03-26,TikTok,CAMP_13,1326.11,1704,18018
2026-03-27,Organic,CAMP_03,640.84,319,21905
2026-03-28,Organic,CAMP_03,2936.22,302,31009
2026-03-29,Google,CAMP_12,1232.33,1953,4194
2026-03-30,Google,CAMP_06,4497.09,697,16734
2026-03-31,Organic,CAMP_08,4677.3,546,37046
2026-04-01,TikTok,CAMP_20,134.33,207,14794
2026-04-02,TikTok,CAMP_15,4635.76,1304,15685
2026-04-03,TikTok,CAMP_10,1651.93,1468,23635
2026-04-04,Meta,CAMP_05,3510.36,650,4763
2026-04-05,Meta,CAMP_14,2393.37,204,21651
2026-04-06,Organic,CAMP_09,4415.79,500,12984
2026-04-07,Organic,CAMP_09,2147.85,436,44523
2026-04-08,Email,CAMP_05,3077.67,1492,30205
2026-04-09,Organic,CAMP_06,269.25,832,10480
2026-04-10,Google,CAMP_14,114.17,1036,20048
2026-04-11,Google,CAMP_20,434.91,789,16194
2026-04-12,Meta,CAMP_10,2699.11,362,44186
2026-04-13,Email,CAMP_08,4591.11,1192,37925
2026-04-14,Email,CAMP_04,3368.51,964,24620
2026-04-15,Email,CAMP_06,3517.9,1312,14076
2026-04-16,TikTok,CAMP_02,433.13,913,49166
2026-04-17,Google,CAMP_06,4382,541,8993
2026-04-18,Email,CAMP_03,316.5,183,28996
2026-04-19,Email,CAMP_02,3113.89,1920,7474
2026-04-20,Google,CAMP_02,3338,1866,46020
2026-04-21,Meta,CAMP_17,2289.33,524,18932
2026-04-22,Organic,CAMP_17,226.64,1542,46322
2026-04-23,TikTok,CAMP_08,3940.65,1614,49192
2026-04-24,Google,CAMP_20,244.55,624,46654
2026-04-25,Email,CAMP_11,2879.89,1855,35308
2026-04-26,LinkedIn,CAMP_15,1987.1,779,13613
2026-04-27,Organic,CAMP_01,107.94,1903,26987
2026-04-28,Organic,CAMP_12,2647.17,1377,1537
2026-04-29,Email,CAMP_04,1697.36,1174,23467
2026-04-30,TikTok,CAMP_14,2590.2,1531,15325
2026-05-01,TikTok,CAMP_02,585.13,1563,24453
2026-05-02,LinkedIn,CAMP_06,2423.99,955,2001
2026-05-03,Meta,CAMP_14,1278.9,384,48452
2026-05-04,Meta,CAMP_17,997.57,237,32027
2026-05-05,LinkedIn,CAMP_03,143.08,308,49897
2026-05-06,Meta,CAMP_13,4827.32,793,10254
2026-05-07,LinkedIn,CAMP_02,1224.8,835,9411
2026-05-08,Meta,CAMP_09,4708.65,706,19157
2026-05-09,Organic,CAMP_10,2528.64,606,15993
2026-05-10,Google,CAMP_07,645.15,1330,9337
2026-05-11,LinkedIn,CAMP_08,3786.35,1943,1807
2026-05-12,TikTok,CAMP_14,1110.07,169,47591
2026-05-13,Google,CAMP_01,3831.73,473,2397
2026-05-14,Meta,CAMP_15,1327.03,1495,31172
2026-05-15,Organic,CAMP_15,3340.6,965,4349
2026-05-16,Meta,CAMP_19,2471.57,619,17155
2026-05-17,LinkedIn,CAMP_13,4157.97,1743,7171
2026-05-18,LinkedIn,CAMP_12,2480.64,1801,36449
2026-05-19,Email,CAMP_16,2323.14,1843,14467
2026-05-20,Organic,CAMP_12,2408.05,1327,41091
2026-05-21,LinkedIn,CAMP_06,2380.32,1878,42016
2026-05-22,Meta,CAMP_02,1037.97,533,23627
2026-05-23,LinkedIn,CAMP_07,2538.12,493,18844
2026-05-24,Meta,CAMP_01,3156.83,80,10867
2026-05-25,Email,CAMP_14,2511.73,300,11578
2026-05-26,Email,CAMP_03,3970.25,1979,39826
2026-05-27,Meta,CAMP_07,1974.75,862,41178
2026-05-28,LinkedIn,CAMP_11,4462.39,1827,31010
2026-05-29,TikTok,CAMP_14,1515.68,787,12161
2026-05-30,LinkedIn,CAMP_19,1942.72,1577,2459
2026-05-31,TikTok,CAMP_12,1259.93,1975,46361
2026-06-01,TikTok,CAMP_04,2117.59,1430,35908
2026-06-02,Organic,CAMP_08,3889.62,1847,42204
2026-06-03,TikTok,CAMP_17,671.11,1662,22498
2026-06-04,LinkedIn,CAMP_08,2028.4,1189,37572
2026-06-05,TikTok,CAMP_13,615.91,183,31314
2026-06-06,TikTok,CAMP_02,2467.29,998,39710
2026-06-07,Email,CAMP_03,2438.89,472,6499
2026-06-08,Google,CAMP_08,4146.75,540,23476
2026-06-09,Email,CAMP_20,2972.13,1389,23866
2026-06-10,Meta,CAMP_16,4226.33,356,28139
2026-06-11,Email,CAMP_07,839.43,493,44153
2026-06-12,TikTok,CAMP_18,1924.26,763,34354
2026-06-13,Email,CAMP_14,4145.51,1922,36027
2026-06-14,LinkedIn,CAMP_02,4159.81,303,37567
2026-06-15,Email,CAMP_01,4032.39,1206,13080
2026-06-16,TikTok,CAMP_13,3034.15,1818,6321
2026-06-17,Email,CAMP_04,1061.99,1086,25164
2026-06-18,TikTok,CAMP_13,3196.4,1317,15896
2026-06-19,Meta,CAMP_01,4899.02,1517,14107
2026-06-20,Organic,CAMP_15,3076.87,1570,47207
2026-06-21,Email,CAMP_16,1219.02,563,41145
2026-06-22,Organic,CAMP_05,4037.89,1845,12876
2026-06-23,Email,CAMP_02,1481.9,1694,36865
2026-06-24,Google,CAMP_12,1828.45,1989,28573
2026-06-25,Organic,CAMP_05,323.24,1569,13959
2026-06-26,TikTok,CAMP_08,1055.45,636,34790
2026-06-27,Organic,CAMP_11,2124.01,1899,9725
2026-06-28,Email,CAMP_06,284.29,429,20408
2026-06-29,Organic,CAMP_04,4890.69,808,44720
2026-01-01,Meta,CAMP_20,2632.08,895,32935
2026-01-02,Meta,CAMP_01,889.28,451,8141
2026-01-03,Email,CAMP_09,708.64,1362,3795
2026-01-04,Meta,CAMP_16,4719.89,697,14184
2026-01-05,Google,CAMP_09,760.48,789,2510
2026-01-06,Email,CAMP_01,3741.88,989,21750
2026-01-07,Meta,CAMP_17,729.5,1276,23856
2026-01-08,Email,CAMP_18,3186.44,1098,38105
2026-01-09,Email,CAMP_20,2810.46,1122,26098
2026-01-10,Email,CAMP_08,1044.52,1730,44149
2026-01-11,TikTok,CAMP_12,911.1,1177,42327
2026-01-12,Google,CAMP_08,2717.96,1621,16213
2026-01-13,TikTok,CAMP_09,447.13,555,3156
2026-01-14,TikTok,CAMP_11,1248.95,508,7167
2026-01-15,LinkedIn,CAMP_17,287.71,1833,47466
2026-01-16,LinkedIn,CAMP_19,4644.13,1540,11824
2026-01-17,Google,CAMP_11,3621.09,1811,15649
2026-01-18,TikTok,CAMP_15,3001.48,1495,5643
2026-01-19,TikTok,CAMP_13,2227.61,536,12718
2026-01-20,Meta,CAMP_14,3778.95,429,10747
2026-01-21,TikTok,CAMP_06,4396.59,244,37070
2026-01-22,Email,CAMP_17,2981.32,1612,17669
2026-01-23,Meta,CAMP_05,1289.01,54,8159
2026-01-24,TikTok,CAMP_16,928.07,1558,30735
2026-01-25,Google,CAMP_07,2654.82,183,47899
2026-01-26,Meta,CAMP_07,4359.62,61,14522
2026-01-27,Google,CAMP_11,1650.97,64,43409
2026-01-28,Google,CAMP_17,132.44,1200,8226
2026-01-29,Meta,CAMP_15,1391.08,828,26414
2026-01-30,Organic,CAMP_01,1119.48,1090,26044
2026-01-31,Google,CAMP_02,3895.64,1282,7135
2026-02-01,Google,CAMP_05,1047.44,342,27495
2026-02-02,Organic,CAMP_17,2697.68,1614,28956
2026-02-03,LinkedIn,CAMP_16,3524.65,852,8031
2026-02-04,Google,CAMP_11,3270.45,867,25145
2026-02-05,TikTok,CAMP_01,1594.17,162,18645
2026-02-06,Google,CAMP_11,747.23,1997,16325
2026-02-07,Meta,CAMP_04,3246.82,999,46500
2026-02-08,Organic,CAMP_13,383.67,1445,30323
2026-02-09,LinkedIn,CAMP_10,3132.61,426,12879
2026-02-10,Organic,CAMP_03,1701.6,822,26596
2026-02-11,Email,CAMP_09,2255.24,149,26046
2026-02-12,LinkedIn,CAMP_11,3142.34,337,3875
2026-02-13,Organic,CAMP_16,2081.35,495,48196
2026-02-14,Organic,CAMP_07,106.67,1067,41768
2026-02-15,TikTok,CAMP_12,4867.72,1316,34912
2026-02-16,LinkedIn,CAMP_09,3950.49,994,16774
2026-02-17,Google,CAMP_11,3599.2,117,31424
2026-02-18,Meta,CAMP_15,1170.26,1963,47126
2026-02-19,Meta,CAMP_10,3904.3,753,17757
2026-02-20,Meta,CAMP_11,3448.13,77,2319
2026-02-21,LinkedIn,CAMP_14,2089.87,770,8918
2026-02-22,LinkedIn,CAMP_11,2076.53,955,44314
2026-02-23,Email,CAMP_06,3752.59,102,5210
2026-02-24,TikTok,CAMP_11,582.1,1923,37582
2026-02-25,LinkedIn,CAMP_15,403.06,728,29038
2026-02-26,Email,CAMP_01,1913.45,428,34098
2026-02-27,Google,CAMP_13,3726.77,1661,6164
2026-02-28,Meta,CAMP_19,3051.68,1300,15841
2026-03-01,Meta,CAMP_13,1053.07,1286,7773
2026-03-02,TikTok,CAMP_17,810.96,1328,39150
2026-03-03,TikTok,CAMP_18,1570.33,655,43092
2026-03-04,Organic,CAMP_10,2433.04,371,21000
2026-03-05,Meta,CAMP_04,4047.64,104,29502
2026-03-06,Organic,CAMP_07,3317.7,1674,21469
2026-03-07,Organic,CAMP_03,3486.71,1607,43716
2026-03-08,Email,CAMP_09,4741.6,1737,5987
2026-03-09,Meta,CAMP_18,4385.1,561,15040
2026-03-10,Organic,CAMP_09,1195.41,643,11791
2026-03-11,Organic,CAMP_06,1940.75,285,9214
2026-03-12,TikTok,CAMP_09,713.06,1899,11605
2026-03-13,Google,CAMP_05,2405.6,52,2103
2026-03-14,LinkedIn,CAMP_14,3487.68,258,30459
2026-03-15,TikTok,CAMP_01,297.58,555,42531
2026-03-16,Organic,CAMP_14,3165.81,943,2167
2026-03-17,Meta,CAMP_19,3676.75,1103,2610
2026-03-18,Email,CAMP_07,4287.66,224,24606
2026-03-19,LinkedIn,CAMP_10,741.85,210,40439
2026-03-20,Organic,CAMP_05,1893.45,223,1204
2026-03-21,Google,CAMP_20,4184.42,782,39479
2026-03-22,Organic,CAMP_07,4663.13,159,48055
2026-03-23,TikTok,CAMP_09,4670.15,499,40158
2026-03-24,Organic,CAMP_07,3481.01,1082,18166
2026-03-25,Meta,CAMP_01,4793.71,81,9384
2026-03-26,Google,CAMP_01,1863.3,1270,42590
2026-03-27,TikTok,CAMP_02,1432.57,819,8412
2026-03-28,Email,CAMP_07,3081.99,1741,36268
2026-03-29,Meta,CAMP_14,4977.78,970,27714
2026-03-30,LinkedIn,CAMP_11,1956.34,609,17344
2026-03-31,Email,CAMP_11,351.61,1936,46424
2026-04-01,Google,CAMP_03,4283.81,1771,7639
2026-04-02,Meta,CAMP_13,3661.35,247,30423
2026-04-03,Organic,CAMP_15,1598.88,207,18722
2026-04-04,LinkedIn,CAMP_07,1267.3,1850,47597
2026-04-05,LinkedIn,CAMP_15,2628.39,692,34654
2026-04-06,Email,CAMP_14,1345.72,785,11212
2026-04-07,Email,CAMP_02,3406.36,1607,9565
2026-04-08,Google,CAMP_01,4448.79,1180,17704
2026-04-09,Google,CAMP_19,3322.16,128,24879
2026-04-10,Email,CAMP_12,2280.89,1802,28056
2026-04-11,LinkedIn,CAMP_16,1056.74,1156,5444
2026-04-12,Meta,CAMP_02,2055.31,507,29674
2026-04-13,TikTok,CAMP_08,4097.74,1313,44748
2026-04-14,Meta,CAMP_04,4368.52,366,4301
2026-04-15,TikTok,CAMP_08,4115.6,333,11590
2026-04-16,Organic,CAMP_18,2893.44,1938,34395
2026-04-17,Google,CAMP_15,466.53,965,8547
2026-04-18,Google,CAMP_04,1090.99,506,31830
2026-04-19,Meta,CAMP_11,4854.45,1600,41857
2026-04-20,LinkedIn,CAMP_11,1408.29,1643,25722
2026-04-21,TikTok,CAMP_07,704.25,819,17119
2026-04-22,Email,CAMP_07,3351.68,1672,16282
2026-04-23,LinkedIn,CAMP_11,4922.85,1696,34122
2026-04-24,TikTok,CAMP_13,3506.51,395,21551
2026-04-25,Organic,CAMP_16,838.58,840,24436
2026-04-26,Meta,CAMP_05,2889.77,125,19457
2026-04-27,LinkedIn,CAMP_18,4618.24,573,17333
2026-04-28,LinkedIn,CAMP_11,2366.74,1529,7787
2026-04-29,Meta,CAMP_08,2569.39,672,48316
2026-04-30,Email,CAMP_10,1579.47,986,27536
2026-05-01,Email,CAMP_03,897.32,1119,8507
2026-05-02,LinkedIn,CAMP_18,2516.25,1818,41533
2026-05-03,Google,CAMP_11,4043.71,104,46715
2026-05-04,Email,CAMP_07,1231.96,1946,46288
2026-05-05,Email,CAMP_08,2388.72,1467,39288
2026-05-06,Meta,CAMP_02,499.22,1787,43483
2026-05-07,Meta,CAMP_06,4424.48,1156,6823
2026-05-08,Organic,CAMP_04,2787.52,918,13722
2026-05-09,LinkedIn,CAMP_03,4366.87,1475,48899
2026-05-10,LinkedIn,CAMP_03,3995.07,1986,14068
2026-05-11,Google,CAMP_16,1564.07,251,48627
2026-05-12,Meta,CAMP_05,3493.12,1372,30763
2026-05-13,TikTok,CAMP_07,1292.19,91,38405
2026-05-14,Organic,CAMP_02,1177.5,1573,48910
2026-05-15,Organic,CAMP_07,4183.54,174,34834
2026-05-16,LinkedIn,CAMP_11,3685.54,1315,9616
2026-05-17,Meta,CAMP_18,2491.26,817,18492
2026-05-18,Meta,CAMP_11,1682.38,1251,29449
2026-05-19,Meta,CAMP_05,420.16,1774,19551
2026-05-20,Google,CAMP_10,583.46,1486,37751
2026-05-21,Organic,CAMP_15,4042.74,1164,17717
2026-05-22,Google,CAMP_17,2594.27,496,16470
2026-05-23,Google,CAMP_19,1132.29,582,49073
2026-05-24,Meta,CAMP_03,2555.45,1489,48090
2026-05-25,Google,CAMP_09,1430.92,1841,31680
2026-05-26,TikTok,CAMP_12,3569.96,1259,48017
2026-05-27,TikTok,CAMP_07,4575.92,832,26240
2026-05-28,TikTok,CAMP_18,4481.99,846,35519
2026-05-29,LinkedIn,CAMP_10,2679.68,1997,43256
2026-05-30,Email,CAMP_03,3169.68,1100,8329
2026-05-31,Google,CAMP_10,4808.79,1923,9077
2026-06-01,LinkedIn,CAMP_15,4821.93,1101,20805
2026-06-02,Email,CAMP_10,957.58,658,12196
2026-06-03,Meta,CAMP_19,1627.76,782,33892
2026-06-04,Organic,CAMP_19,3775.56,367,36608
2026-06-05,Google,CAMP_13,2231.97,330,9935
2026-06-06,LinkedIn,CAMP_13,2279.63,1393,20301
2026-06-07,Email,CAMP_09,2347.11,1855,22783
2026-06-08,LinkedIn,CAMP_06,4412.29,1265,25049
2026-06-09,TikTok,CAMP_13,1585.02,637,30355
2026-06-10,Google,CAMP_08,4371.67,327,6555
2026-06-11,Meta,CAMP_12,4598.99,973,5778
2026-06-12,Email,CAMP_02,3702.89,1409,37185
2026-06-13,LinkedIn,CAMP_12,4122.31,862,21223
2026-06-14,TikTok,CAMP_18,1750.76,385,21794
2026-06-15,Organic,CAMP_05,2491.27,173,28848
2026-06-16,LinkedIn,CAMP_05,299.8,1793,22804
2026-06-17,Google,CAMP_19,3747.81,971,8955
2026-06-18,Organic,CAMP_07,3676.4,559,12094
2026-06-19,LinkedIn,CAMP_02,1183.41,1568,12099
2026-06-20,Email,CAMP_20,650.62,867,38138
2026-06-21,LinkedIn,CAMP_03,3328.11,502,15719
2026-06-22,LinkedIn,CAMP_12,2237.01,1551,37543
2026-06-23,Google,CAMP_13,705.03,1459,36685
2026-06-24,Email,CAMP_06,4988.34,1355,4027
2026-06-25,Email,CAMP_08,4243.47,705,23934
2026-06-26,Google,CAMP_10,1718.28,506,14806
2026-06-27,Organic,CAMP_04,538.63,1323,28508
2026-06-28,LinkedIn,CAMP_17,148.53,1147,36683
2026-06-29,Meta,CAMP_10,3377.71,254,44967
2026-01-01,TikTok,CAMP_11,1871.46,1070,14747
2026-01-02,TikTok,CAMP_18,3543.69,1416,11488
2026-01-03,Organic,CAMP_05,1677.81,94,37424
2026-01-04,LinkedIn,CAMP_06,4928.42,1608,33255
2026-01-05,TikTok,CAMP_15,1170.66,1895,33521
2026-01-06,TikTok,CAMP_10,4251.91,1375,46184
2026-01-07,LinkedIn,CAMP_07,3564.91,1134,36223
2026-01-08,LinkedIn,CAMP_12,4711.54,1962,10923
2026-01-09,TikTok,CAMP_13,1605.75,1763,11809
2026-01-10,TikTok,CAMP_11,4971.81,1431,6236
2026-01-11,Email,CAMP_12,306.27,1800,43190
2026-01-12,TikTok,CAMP_17,4853.6,1656,12918
2026-01-13,Google,CAMP_05,4094.81,1519,6985
2026-01-14,TikTok,CAMP_05,206.59,341,26026
2026-01-15,LinkedIn,CAMP_09,3472.34,490,38098
2026-01-16,Meta,CAMP_05,4035.04,1700,19521
2026-01-17,Meta,CAMP_14,3794.89,1245,33840
2026-01-18,Meta,CAMP_20,2175.27,601,23353
2026-01-19,LinkedIn,CAMP_07,4993.98,424,44534
2026-01-20,Email,CAMP_11,1203.32,1146,24611
2026-01-21,Google,CAMP_06,3753.17,170,13618
2026-01-22,Organic,CAMP_15,3626.68,676,18842
2026-01-23,Email,CAMP_08,2405.44,272,35032
2026-01-24,Google,CAMP_06,4308.27,1770,36323
2026-01-25,Meta,CAMP_11,1924.35,1056,17581
2026-01-26,Meta,CAMP_04,3902.75,454,18573
2026-01-27,Organic,CAMP_11,1450.31,1527,25489
2026-01-28,LinkedIn,CAMP_10,4755.85,1244,21104
2026-01-29,Organic,CAMP_14,2682.54,128,41460
2026-01-30,TikTok,CAMP_10,462.29,1248,28168
2026-01-31,Organic,CAMP_09,4591.43,165,40725
2026-02-01,Meta,CAMP_02,4062.69,233,19988
2026-02-02,Email,CAMP_15,2186.7,1867,27905
2026-02-03,TikTok,CAMP_13,3503.53,696,37811
2026-02-04,TikTok,CAMP_17,4292.3,158,23900
2026-02-05,LinkedIn,CAMP_12,1088.8,1675,29124
2026-02-06,Organic,CAMP_12,4512.49,1354,18509
2026-02-07,Meta,CAMP_08,4146.44,489,34336
2026-02-08,Organic,CAMP_16,978.42,647,45490
2026-02-09,Meta,CAMP_08,1004.34,1212,39917
2026-02-10,Email,CAMP_01,2495.31,433,32369
2026-02-11,TikTok,CAMP_02,3004.11,530,42569
2026-02-12,Meta,CAMP_18,4878.88,118,17259
2026-02-13,Meta,CAMP_19,561.35,876,45368
2026-02-14,Organic,CAMP_01,3934.17,404,9591
2026-02-15,Google,CAMP_09,2811.37,673,44831
2026-02-16,Email,CAMP_14,1209.83,1700,15399
2026-02-17,LinkedIn,CAMP_06,345.79,257,47676
2026-02-18,Organic,CAMP_18,1520.93,1354,26498
2026-02-19,TikTok,CAMP_01,3758.95,79,42400
2026-02-20,Email,CAMP_03,2890,214,9169
2026-02-21,TikTok,CAMP_19,4813.1,106,47247
2026-02-22,Organic,CAMP_17,139.65,711,32745
2026-02-23,Google,CAMP_02,2929.47,1370,42776
2026-02-24,TikTok,CAMP_12,112.98,1775,7794
2026-02-25,LinkedIn,CAMP_01,1327.94,423,35087
2026-02-26,LinkedIn,CAMP_20,4166.01,1917,49633
2026-02-27,Email,CAMP_08,3053.43,152,30056
2026-02-28,Google,CAMP_13,1945.73,1137,22681
2026-03-01,Meta,CAMP_16,1762.81,1741,24427
2026-03-02,LinkedIn,CAMP_08,4842.54,1691,38255
2026-03-03,LinkedIn,CAMP_08,1786.86,1991,41362
2026-03-04,TikTok,CAMP_10,4651.91,1462,38682
2026-03-05,LinkedIn,CAMP_09,4978.35,618,27679
2026-03-06,Meta,CAMP_16,3207.62,367,16099
2026-03-07,TikTok,CAMP_20,3509.68,1885,49959
2026-03-08,LinkedIn,CAMP_13,684.05,102,42232
2026-03-09,Organic,CAMP_07,657.61,375,13448
2026-03-10,Meta,CAMP_20,2598.1,1755,34318
2026-03-11,Email,CAMP_18,2628.87,1264,38392
2026-03-12,TikTok,CAMP_08,4413.4,1496,31769
2026-03-13,TikTok,CAMP_20,2789.09,114,2988
2026-03-14,Google,CAMP_13,4680.35,1209,35925
2026-03-15,Email,CAMP_19,1836.97,1922,45337
2026-03-16,Meta,CAMP_07,2187.14,419,21429
2026-03-17,Google,CAMP_12,1585.2,1391,43247
2026-03-18,Google,CAMP_01,3065.88,1927,3016
2026-03-19,Google,CAMP_17,4830.64,793,2652
2026-03-20,Organic,CAMP_20,1533.11,999,25892
2026-03-21,Organic,CAMP_02,2015.39,540,44180
2026-03-22,TikTok,CAMP_09,4989.8,64,15700
2026-03-23,Email,CAMP_19,4983.22,1338,14711
2026-03-24,Meta,CAMP_20,1353.93,710,20430
2026-03-25,TikTok,CAMP_08,2845.06,1634,47769
2026-03-26,Organic,CAMP_20,274.88,689,38601
2026-03-27,Email,CAMP_17,1756.18,374,43075
2026-03-28,Meta,CAMP_15,1651.21,532,12412
2026-03-29,Organic,CAMP_09,1548.4,679,25883
2026-03-30,Organic,CAMP_10,779.85,1113,42524
2026-03-31,LinkedIn,CAMP_09,1959.25,1343,12422
2026-04-01,Google,CAMP_16,2446.28,1260,6553
2026-04-02,Google,CAMP_13,1389.33,1720,23922
2026-04-03,LinkedIn,CAMP_19,3036.32,1007,42909
2026-04-04,LinkedIn,CAMP_05,1372.98,1713,5425
2026-04-05,LinkedIn,CAMP_09,953.55,1900,24711
2026-04-06,Organic,CAMP_02,2373.29,126,24288
2026-04-07,TikTok,CAMP_04,4716.94,882,17997
2026-04-08,LinkedIn,CAMP_10,4306.73,369,9000
2026-04-09,Meta,CAMP_05,1153.59,100,3898
2026-04-10,TikTok,CAMP_04,3864,803,43371
